open_time,open,high,low,close,volume,quote_asset_volume,num_trades,taker_buy_base_asset_volume,taker_buy_quote_asset_volume
2019-01-01,131.45,140.67,130.0,139.1,401776.88797,54280385.598127,125799,204877.27101,27658986.5487891
2019-01-02,139.1,155.37,137.76,152.01,941486.31524,138801471.1186518,253070,452778.41302,66826091.4154906
2019-01-03,152.01,153.64,143.11,146.3,708091.31714,104953535.1485126,206600,345065.32126,51146898.6190388
2019-01-04,146.3,154.8,143.54,151.97,805248.93821,120827141.5442279,224385,398803.89556,59878325.5278251
2019-01-05,152.08,159.26,151.2,152.83,773169.13736,120238339.7822187,231172,383106.49462,59615248.3448727
2019-01-06,152.83,157.4,147.51,153.86,627908.47366,95681339.4600648,204337,318359.8694,48525641.3337721
2019-01-07,153.89,155.48,147.86,149.34,424765.30258,64310962.9190328,157568,205545.31494,31132597.0580687
2019-01-08,149.29,151.65,145.2,147.6,441661.06778,65535529.7557393,170585,220205.8156,32665110.2813971
2019-01-09,147.62,151.5,146.77,148.1,299443.563,44673066.391582,125358,154466.46066,23055106.0669205
2019-01-10,148.11,149.45,121.0,124.95,871751.75038,114437025.2827277,290765,432162.78581,56667564.7779082
2019-01-11,124.96,127.36,120.08,124.65,545293.98369,67782816.3375987,197047,286390.42731,35610799.2804517
2019-01-12,124.67,126.19,122.0,123.35,300262.13404,37295866.3538343,122024,159060.66029,19774152.7462819
2019-01-13,123.35,124.25,111.87,114.16,422561.96777,49521201.2764662,137005,228755.00345,26767549.3199914
2019-01-14,114.17,130.05,113.94,126.95,546420.40854,66801543.3050366,181074,283172.06565,34555073.9481497
2019-01-15,126.95,129.4,116.0,118.95,649020.5297,79985529.5587708,200989,323384.20597,39784995.5736818
2019-01-16,118.93,126.88,118.52,121.48,513486.65472,62314225.9960432,192912,260457.57444,31607466.0093359
2019-01-17,121.49,122.99,116.8,121.54,447535.22716,53854069.2105117,169098,231192.403,27839121.1473983
2019-01-18,121.56,121.98,117.66,119.17,235646.684,28305971.6688854,112833,118574.39197,14246528.4825557
2019-01-19,119.16,125.29,119.14,122.6,323303.79296,39715159.1649606,117187,159926.95718,19624976.2784636
2019-01-20,122.61,123.32,115.68,117.47,451792.85352,53833668.9066349,164941,222998.00633,26556584.7928595
2019-01-21,117.56,118.5,113.61,115.63,303632.93463,35258073.4282649,119538,151719.15903,17621439.7431546
2019-01-22,115.62,119.49,111.39,117.81,359542.63873,41777737.4704705,134797,191477.42643,22269617.0685721
2019-01-23,117.8,118.95,114.8,116.44,230247.61578,26975386.3924584,102993,116161.13221,13613289.9824452
2019-01-24,116.4,117.15,113.61,116.39,216242.29829,25044265.7542041,90622,109084.23085,12638375.4406635
2019-01-25,116.4,117.5,114.3,115.11,198617.08108,22977175.9541193,85660,98562.49082,11406338.5773185
2019-01-26,115.13,118.0,115.0,115.34,146216.82819,16978386.1972377,68368,75224.68609,8737349.0431997
2019-01-27,115.32,116.15,111.04,112.05,247369.60555,28158012.7304768,97152,118671.53907,13516227.6093887
2019-01-28,112.04,112.87,100.91,105.5,566205.78288,60050129.3863579,177547,280135.35398,29726784.9809435
2019-01-29,105.49,106.61,102.22,104.45,319768.91348,33427469.3450618,129221,161610.46234,16896798.3063595
2019-01-30,104.41,109.8,103.45,108.29,330968.19265,35368520.135571,118866,168310.3525,17980658.8061686
2019-01-31,108.29,110.61,105.46,106.44,290679.61935,31234353.515393,102532,146487.2295,15737903.3096407
2019-02-01,106.47,108.35,103.77,106.73,243149.88435,25791535.1460238,86314,120649.43802,12804365.5808535
2019-02-02,106.71,111.15,106.07,110.42,186908.7573,20153872.302919,67351,100348.9366,10827638.071308
2019-02-03,110.41,111.11,105.82,107.36,227211.54064,24605892.2887283,78309,104902.65217,11357020.0198699
2019-02-04,107.33,109.3,106.57,107.68,160850.10293,17312736.6001502,65698,83257.70317,8963437.5894017
2019-02-05,107.65,108.18,106.47,107.27,159730.1886,17137008.2478395,68422,82850.20631,8888920.0460278
2019-02-06,107.28,107.83,101.21,104.5,337204.30254,34984364.2970212,113955,165235.43945,17141978.430843
2019-02-07,104.49,106.18,103.82,104.48,147942.07683,15530160.6471066,68959,74195.91673,7790406.4587851
2019-02-08,104.48,123.0,103.41,119.25,589950.64925,67027886.9398639,177364,304660.09924,34611554.2420151
2019-02-09,119.32,121.99,117.64,119.19,328067.9574,39061582.3914826,118457,169285.11511,20160805.1621845
2019-02-10,119.19,126.49,115.81,125.12,385819.09619,45929459.1290131,146060,202272.64362,24082781.0228442
2019-02-11,125.12,125.28,119.24,120.89,389405.30404,47197595.845191,129000,194142.33374,23522764.7948778
2019-02-12,120.88,123.89,118.18,122.41,343765.66987,41603632.811699,114396,176467.18014,21367768.9858149
2019-02-13,122.4,126.47,120.7,121.86,317827.31956,39073077.8391656,122122,160797.73684,19767987.3275933
2019-02-14,121.86,124.5,120.1,120.42,297205.78738,36278326.0774455,101574,144929.76588,17693650.1087451
2019-02-15,120.47,124.25,120.19,121.67,255296.0814,31111280.2093057,100464,132203.05707,16114091.2765324
2019-02-16,121.66,124.99,121.54,122.67,215320.70134,26462034.6125396,84959,112117.92743,13779969.811036
2019-02-17,122.67,135.61,122.43,133.75,614788.60078,78958054.9589805,162769,293673.43938,37707750.0025147
2019-02-18,133.77,148.3,132.42,145.69,1079830.1502,152756654.6454775,299772,549759.99454,77775317.6933215
2019-02-19,145.69,150.0,142.36,143.44,747968.90445,109645050.4660972,232384,402160.07677,58949819.4880989
2019-02-20,143.45,149.52,139.6,148.44,614303.61007,89136482.3716519,191505,315381.09329,45774901.2173834
2019-02-21,148.42,149.61,142.7,145.69,447364.40873,65199779.5124385,148898,224983.85218,32795328.6439274
2019-02-22,145.68,148.85,143.85,147.36,366251.18542,53771600.8025665,129247,190056.54144,27900776.6966898
2019-02-23,147.4,159.6,145.78,157.79,588183.72896,89997516.9234365,172084,319153.58988,48851602.9893318
2019-02-24,157.75,166.0,131.7,132.1,1260506.80672,186688063.414179,351943,631974.74429,93581136.3946737
2019-02-25,132.1,141.55,131.89,137.87,801147.09543,110348892.9700245,243536,411499.33688,56650244.3099157
2019-02-26,137.88,138.41,133.72,136.22,432944.17033,58979934.7160016,145787,228006.72087,31058407.0798623
2019-02-27,136.22,140.29,126.84,135.02,567202.61035,76519497.9080148,158709,272367.46964,36764305.1281301
2019-02-28,135.03,139.0,132.1,135.34,579327.31749,78861797.5593921,183737,299413.85729,40768867.7852036
2019-03-01,135.32,137.95,134.9,135.32,302632.02831,41198722.5798789,103403,172468.84876,23485005.1955706
2019-03-02,135.32,136.12,130.03,132.56,297005.28093,39467507.6857296,113241,155921.86934,20724567.8764905
2019-03-03,132.54,134.6,128.01,130.6,222453.2859,29447917.2382588,86648,114067.58966,15112492.0667355
2019-03-04,130.6,131.11,122.6,125.65,403947.79445,51060349.7665833,140132,203832.41182,25770060.6539754
2019-03-05,125.68,137.84,125.19,136.72,512631.23178,67740644.3311417,155818,272171.77962,35984586.2047615
2019-03-06,136.71,140.29,133.33,137.4,428826.87415,58701328.649431,136000,218466.67905,29915836.7339393
2019-03-07,137.37,140.2,135.2,136.81,307336.4931,42271691.2428617,114687,152452.19592,20973151.2063981
2019-03-08,136.82,139.34,130.62,133.52,330283.58233,44879637.3870354,113160,164375.46413,22347697.9500561
2019-03-09,133.51,138.65,132.93,137.27,279861.12049,38220614.005662,111544,146108.77784,19963551.4416685
2019-03-10,137.27,137.5,134.0,135.37,203965.16815,27650702.3793393,90905,104700.49828,14196008.2586889
2019-03-11,135.37,136.15,131.0,132.67,264587.00683,35285847.7482702,101371,137778.22305,18378134.4509461
2019-03-12,132.67,135.3,130.77,133.57,194905.96843,25981446.1033466,74222,99412.59836,13253182.6337106
2019-03-13,133.62,133.65,130.58,131.65,209456.09848,27670734.4309227,87617,105332.16365,13915012.8060036
2019-03-14,131.69,135.11,128.52,132.2,258413.81868,34099414.8055834,99000,127625.33507,16848534.3629133
2019-03-15,132.24,137.62,132.18,136.56,295832.26562,39928522.3372778,103920,161856.61972,21847473.0898688
2019-03-16,136.6,144.47,136.51,140.92,474664.10197,66878173.4518186,149612,241316.08941,33988833.98348
2019-03-17,140.94,141.07,137.2,138.67,252697.08148,35051209.9303395,88617,127490.1088,17685080.5808143
2019-03-18,138.67,142.01,136.1,137.59,281718.96195,39017864.9224565,94109,136354.75075,18886795.7555508
2019-03-19,137.62,139.38,136.97,138.55,218577.45208,30175322.0784989,82348,109609.32108,15133834.0854586
2019-03-20,138.56,139.66,136.01,139.01,222883.51754,30757997.8115518,83814,111862.81746,15442583.4302502
2019-03-21,139.04,139.55,131.21,134.85,312531.39368,42635937.4891712,113797,152957.11763,20873314.5916673
2019-03-22,134.85,137.2,134.29,135.98,186119.74745,25309122.7264498,79782,86857.86292,11807827.6399908
2019-03-23,135.92,138.21,135.6,137.28,174710.43059,23922572.3588934,73884,89401.14291,12241766.4910705
2019-03-24,137.28,137.37,134.75,136.09,198490.45124,27042322.6952009,82361,104851.44764,14288924.6066131
2019-03-25,136.12,136.83,131.6,133.98,230880.285,31082445.5932449,98246,113167.35254,15241833.9287975
2019-03-26,133.97,134.74,132.27,134.18,183139.11426,24490323.0607397,86841,97876.42094,13089415.407876
2019-03-27,134.14,140.14,133.84,139.45,317167.45325,43635238.4289265,119271,160680.98018,22102568.2807168
2019-03-28,139.46,139.57,137.3,137.86,163185.6991,22543474.6122913,73225,84450.31652,11668218.2808296
2019-03-29,137.85,143.6,137.62,143.25,235853.0454,33098245.9556135,94717,131841.45562,18506823.9148035
2019-03-30,143.25,145.89,140.06,142.46,254798.70067,36382647.2268952,97751,129968.43382,18560580.2960051
2019-03-31,142.44,142.5,140.42,141.38,142469.21171,20131931.6990724,65047,72121.13189,10190807.1234262
2019-04-01,141.41,143.08,139.57,141.24,234310.19161,33234998.6438733,90705,113803.3589,16144688.8761052
2019-04-02,141.24,165.6,141.0,163.31,906868.8586,138094679.3020432,289637,482112.08002,73443507.9200122
2019-04-03,163.26,177.81,149.23,159.96,1345344.53845,225523896.2014656,423036,689694.17267,115677526.5301595
2019-04-04,159.96,164.0,152.8,157.36,686080.95248,109082183.5877348,242989,356683.70225,56656754.5528508
2019-04-05,157.33,167.83,155.94,164.77,516070.34553,84123101.326904,175261,271221.4937,44191135.1652073
2019-04-06,164.84,172.77,159.2,165.5,528168.33297,87657058.1149817,163384,246862.26683,40956422.1686785
2019-04-07,165.56,175.43,164.06,174.21,465507.52497,78876773.2967177,161529,242883.45203,41159550.0758761
2019-04-08,174.29,185.87,170.9,178.72,873410.07285,156417981.3021178,272413,427707.91163,76637333.1736062
2019-04-09,178.71,179.17,171.05,174.6,431986.36108,75745619.5720787,156659,215364.15603,37760201.750469
2019-04-10,174.58,183.77,168.0,177.12,523943.20498,93283836.587114,171960,259905.55155,46278256.1694819
2019-04-11,177.12,177.48,158.27,164.07,661305.30321,110201659.9478763,224876,324992.46047,54204202.7009011
2019-04-12,164.06,166.5,158.11,163.19,316337.87823,51556919.1461367,124732,150876.36061,24590803.156257
2019-04-13,163.2,165.37,160.74,162.99,179237.74574,29247030.1526373,75202,86353.32588,14092848.8013165
2019-04-14,162.99,168.11,161.2,167.23,186977.66211,30640985.0609499,72468,94730.83063,15525685.9586687
2019-04-15,167.21,168.81,155.7,159.95,351548.9079,57215098.1117043,113590,172067.32017,27988295.6123212
2019-04-16,159.91,166.73,159.41,165.37,240370.50441,39245823.494595,82937,114539.76934,18700484.0716318
2019-04-17,165.41,167.28,163.78,165.75,227841.54981,37678036.5964673,85475,108219.2429,17898625.6879676
2019-04-18,165.75,175.2,165.04,173.33,396118.94407,68031293.2325779,114728,187459.43239,32180911.9515491
2019-04-19,173.34,173.55,168.59,172.64,320541.72166,54991300.1097207,104551,164821.29068,28289262.9965785
2019-04-20,172.66,176.97,169.87,172.88,253596.48407,43939979.0160537,94403,123125.92238,21340355.6503773
2019-04-21,172.89,173.48,164.82,168.59,283450.43943,47781349.4020958,108394,143539.87051,24194584.2541682
2019-04-22,168.59,172.3,167.0,170.52,269868.39876,45832751.057015,96396,138724.4816,23564465.865101
2019-04-23,170.52,175.83,167.78,169.16,363523.34531,62784241.170476,126520,173307.59552,29939794.2880097
2019-04-24,169.15,169.87,159.26,164.78,426497.04153,70076178.2845027,154469,213010.94018,35036327.1899716
2019-04-25,164.78,165.49,150.35,154.72,422657.03239,67326464.6484704,139927,207493.18153,33080029.9738367
2019-04-26,154.7,162.56,151.4,157.95,500355.86283,78334214.8744062,162730,265522.61201,41573088.7327604
2019-04-27,157.93,166.24,156.35,159.31,215918.63842,34294277.9954465,89809,107892.49091,17154456.8972602
2019-04-28,159.32,160.24,156.92,157.85,152976.30181,24304182.1410825,72048,75258.19531,11957085.7119324
2019-04-29,157.86,159.05,152.0,155.11,243591.94898,37892463.2904875,98779,112271.92569,17468433.9677487
2019-04-30,155.14,162.89,155.11,161.83,305056.24653,48352308.3471109,109233,151942.02827,24090968.4446659
2019-05-01,161.85,163.88,158.36,160.19,192517.62763,30965351.6968463,88509,94853.75564,15258332.5783326
2019-05-02,160.2,163.48,158.5,161.81,289519.02025,46716417.0127823,97201,146854.42652,23699004.0309024
2019-05-03,161.82,170.86,160.99,168.06,416357.52123,69185162.5971677,136042,207707.51957,34533057.3557652
2019-05-04,168.1,171.3,159.76,163.7,312928.58349,51596174.4008955,115264,154550.58103,25484130.1377269
2019-05-05,163.71,165.36,159.18,163.05,176029.10445,28659516.7862457,79825,87458.50631,14243649.4161677
2019-05-06,163.05,178.05,157.55,173.0,506528.14278,86112232.475863,151543,279631.33418,47643694.0236483
2019-05-07,172.98,182.76,167.89,169.18,732496.87861,129206700.1276838,208268,359208.70506,63321000.845897
2019-05-08,169.07,173.17,164.8,170.85,296436.29384,50312349.784776,108814,143905.37197,24437499.2547135
2019-05-09,170.88,173.88,166.57,170.9,284663.99456,48482365.5414184,111190,139490.30992,23762799.5699061
2019-05-10,170.96,176.7,168.46,172.91,425543.74021,73717438.6539584,142024,217209.97186,37614456.1038559
2019-05-11,172.92,205.23,172.92,190.2,885292.38389,167180496.7623297,246217,460145.37432,86846859.5315182
2019-05-12,190.2,204.32,181.0,188.11,823372.28148,157611011.7252508,228585,414771.2365,79418296.1144372
2019-05-13,188.07,206.87,185.32,195.84,669265.46524,131102303.1385697,190439,345029.21196,67607153.3601666
2019-05-14,195.83,219.81,194.19,216.4,864211.00603,179717430.3107268,248577,451375.98025,93947890.711338
2019-05-15,216.4,250.27,216.21,248.1,574697.29927,135054369.6175697,176272,300224.48606,70516284.6634335
2019-05-16,248.06,279.76,241.76,264.25,1733360.8936,452410350.051738,553635,896705.83686,234005191.9487448
2019-05-17,264.35,268.74,223.43,244.3,1529892.56898,366429299.2028029,517016,766433.52488,183703911.7478187
2019-05-18,244.31,248.0,230.62,233.6,673218.09982,160450040.8069193,236314,350733.36784,83590128.4964695
2019-05-19,233.57,264.0,231.77,259.51,823859.06342,207383027.8264837,285496,427121.32949,107527272.3628644
2019-05-20,259.37,259.49,238.0,250.37,666889.82241,165783106.0770302,246484,341913.40218,85002307.4212514
2019-05-21,250.48,262.0,246.06,253.43,580249.69753,146749988.2737374,229662,296180.05712,74931122.1641711
2019-05-22,253.35,260.18,239.63,243.64,592848.95605,149006735.6421766,208482,291969.97415,73414296.661463
2019-05-23,243.68,247.34,231.1,244.56,600193.89368,144051488.877393,198869,309885.62434,74420906.5862426
2019-05-24,244.63,254.35,241.54,248.87,447066.92596,111294049.3667149,171482,229477.2831,57122435.7670887
2019-05-25,248.84,257.33,247.22,250.22,332544.38731,83665127.8436946,125719,165867.00466,41743833.8803032
2019-05-26,250.17,269.4,245.11,264.45,450090.22324,115089467.7879579,159525,228355.77865,58341623.5535768
2019-05-27,264.35,279.59,260.0,270.53,635463.50204,170250734.8917526,246768,330156.0044,88481982.0563218
2019-05-28,270.7,275.95,264.45,271.03,409443.69364,110617403.6892461,181468,210233.09508,56815735.9432608
2019-05-29,271.08,274.04,260.05,268.83,383412.45769,102868997.4320186,173915,194501.87335,52207691.8054212
2019-05-30,268.92,288.62,240.14,254.56,1066279.49387,289930479.3621191,368300,538953.47484,146893725.3413905
2019-05-31,254.59,268.72,245.21,267.9,602153.87244,154783065.7707739,253604,313715.51397,80669442.7159888
2019-06-01,267.9,275.5,260.68,264.33,455676.98613,121851235.7591843,182844,244439.949,65355188.6778699
2019-06-02,264.33,273.2,263.2,268.88,301536.15062,80960737.4054672,138349,154397.78666,41448599.0159312
2019-06-03,268.87,270.0,248.0,249.91,397360.65275,103602836.6837421,193998,200720.66553,52390021.7871546
2019-06-04,250.02,251.67,234.39,241.39,633822.71246,154709331.2941874,270568,339927.90333,82990901.3957875
2019-06-05,241.46,250.41,237.37,245.63,335953.37927,81839286.6165841,173428,178579.70212,43520932.1046289
2019-06-06,245.62,250.66,235.01,248.76,297579.14734,72417630.0041218,146839,147753.23828,35979777.0270826
2019-06-07,248.77,253.28,243.46,248.77,353378.6568,87644279.2486556,149700,194475.01521,48168225.6295088
2019-06-08,248.78,250.53,240.37,243.25,188448.27748,46293916.7909609,108260,93452.11427,22960690.0146497
2019-06-09,243.33,244.53,226.56,230.98,316931.85638,74594101.4163109,147025,149751.60604,35315026.6119031
2019-06-10,231.02,247.45,227.03,246.51,314662.52637,75090336.6626488,162704,164859.97136,39325235.3464417
2019-06-11,246.61,247.8,236.49,244.29,237508.42798,57549753.7376492,133083,122937.01231,29783270.3057643
2019-06-12,244.36,261.87,242.2,261.15,336499.3016,84660448.5685657,171468,191035.62205,48123907.8695302
2019-06-13,261.13,262.98,253.69,254.67,291757.21635,75447391.0373403,159838,142504.2592,36847759.0683527
2019-06-14,254.67,264.26,251.75,262.47,327383.28236,84045849.5425799,175229,173197.96874,44485225.2570623
2019-06-15,262.48,272.27,260.61,267.82,286594.98029,76053046.5533358,146902,155140.46734,41182902.2071618
2019-06-16,267.78,277.06,263.31,267.73,458176.54236,123848161.4689518,206212,238873.01948,64581167.0934985
2019-06-17,267.73,276.0,266.81,273.16,339277.66707,91807270.7108816,185899,176231.60685,47694833.1998221
2019-06-18,273.14,273.58,261.45,264.66,319941.55156,85335852.9315235,184954,161423.04428,43079362.0320517
2019-06-19,264.68,270.0,263.59,268.14,208375.68381,55665919.1543959,111358,107462.88795,28711402.9639414
2019-06-20,268.16,273.63,265.71,271.22,200717.7737,53998507.956007,130438,101208.05863,27235688.3072728
2019-06-21,271.27,295.94,271.22,294.35,519818.06907,148641528.5342657,240649,272679.1028,77971386.6447649
2019-06-22,294.25,314.39,289.69,310.79,726254.67061,222036096.3352611,336414,374894.48528,114659501.4264564
2019-06-23,310.7,321.7,305.58,308.52,418812.02747,131252843.5293641,241819,213747.9718,67011837.5064919
2019-06-24,308.42,314.41,298.0,311.64,352791.26964,108439071.6445221,185588,182026.16675,56000322.4316279
2019-06-25,311.65,318.99,307.0,318.26,345559.65047,108143161.2256218,183415,188753.46606,59092901.4234648
2019-06-26,318.29,366.8,315.57,339.39,1008551.28721,341534154.5328709,477973,519610.70974,175965673.0356423
2019-06-27,339.53,347.0,280.01,298.35,1016826.449,315174509.7084831,449424,511748.69656,158858383.3223991
2019-06-28,298.35,313.58,295.22,311.05,529174.47722,161838706.7872334,260039,279799.14011,85559731.8105534
2019-06-29,310.95,324.74,295.18,317.62,425555.16264,130425514.0458484,233883,215633.39731,66117436.9500719
2019-06-30,317.64,323.5,290.12,292.7,489028.56835,149527443.5798294,265958,236869.51519,72463463.5202464
2019-07-01,292.89,303.49,280.13,295.07,489769.27421,142871936.7587887,247035,262574.76029,76683112.024154
2019-07-02,295.03,297.57,272.65,291.48,493772.96579,140020251.9277511,255019,249236.40932,70690548.149988
2019-07-03,291.47,302.89,285.0,301.14,370521.96637,109262202.2252374,203286,191658.42315,56521193.282856
2019-07-04,301.11,302.74,280.53,282.73,270791.36878,79507234.7409,155911,135349.3741,39751010.0773686
2019-07-05,282.86,294.89,280.78,287.47,261139.28341,75165110.6986579,151476,133187.74184,38346384.9054169
2019-07-06,287.32,296.71,285.28,288.29,196064.64705,57137782.5984704,122419,102266.21407,29822059.7840502
2019-07-07,288.29,309.69,284.25,304.72,246111.36595,73170809.7629514,146592,128914.23303,38323739.2389253
2019-07-08,304.72,313.74,300.78,311.97,289607.34177,88890021.7460584,156865,155290.87882,47663542.0548244
2019-07-09,311.96,318.19,302.69,307.46,309447.34927,96199378.5403265,183056,158621.20585,49313438.4680239
2019-07-10,307.46,314.18,281.04,289.23,457080.94063,135779813.6086586,241966,220628.79918,65634737.7922107
2019-07-11,289.23,289.23,262.12,268.63,501592.75211,136450969.6452713,278211,250154.92476,67985249.5938022
2019-07-12,268.67,278.99,266.21,274.62,266734.54213,72743548.0414527,150653,133477.16896,36403353.6742783
2019-07-13,274.53,275.04,262.2,268.79,205959.26849,55323572.09371,132115,103948.50825,27932555.7427887
2019-07-14,268.8,269.74,222.81,225.85,540052.58421,130785858.9998518,260313,256989.83281,62336864.2919122
2019-07-15,225.83,235.58,203.08,228.2,715991.20688,159784811.6372373,320571,370737.93141,82748710.0325845
2019-07-16,228.2,234.5,192.25,198.88,715604.83198,151473621.6451511,315783,350245.42111,74235131.6219668
2019-07-17,198.94,219.86,191.84,210.81,694854.10132,143020071.9619188,306708,363231.97342,74755310.406139
2019-07-18,210.8,229.65,205.71,225.73,609081.49094,132637638.7901553,264573,315755.33217,68768554.5442681
2019-07-19,225.75,226.23,212.52,220.73,371622.21865,81600507.572648,178357,190528.38687,41844302.3462034
2019-07-20,220.84,235.09,219.78,228.2,325393.97225,74182517.2396253,158590,169537.41035,38635155.0175273
2019-07-21,228.25,229.66,216.99,225.38,270046.1519,60421739.0469762,149561,140104.17634,31348016.1188576
2019-07-22,225.49,228.34,212.25,217.51,271310.40446,59602149.0419698,155651,135135.21114,29686484.5238861
2019-07-23,217.59,219.55,208.36,212.48,317876.48242,67930201.6731321,169515,167094.99959,35723920.9362872
2019-07-24,212.55,218.28,202.0,216.31,331162.6484,69281797.0165171,188919,171125.24668,35806472.7728322
2019-07-25,216.31,225.12,215.23,219.14,280370.29627,62017449.3573358,167223,143500.50787,31739139.4401324
2019-07-26,219.14,220.0,212.71,218.81,197781.98653,42839496.5355307,133271,98990.46002,21451386.7141219
2019-07-27,218.81,223.3,203.0,207.3,301209.41113,63931823.1551626,180170,144808.2727,30764264.4030654
2019-07-28,207.3,213.52,198.24,211.62,218801.16693,45414505.7900188,132599,112178.92834,23306098.1794536
2019-07-29,211.58,215.83,206.59,210.89,226941.28,47853275.1272464,133256,117589.6207,24797810.0260271
2019-07-30,210.84,214.36,204.4,209.58,222683.79393,46627086.4841072,129043,126515.06354,26492366.5375571
2019-07-31,209.57,218.79,209.2,218.42,207213.55658,44416634.9002688,122971,112082.92487,24015279.2823591
2019-08-01,218.42,219.39,210.54,216.84,186806.18844,40054998.6824046,116919,91849.72101,19701902.8080038
2019-08-02,216.8,222.18,214.31,217.61,206867.03039,45116694.8592759,123571,107794.76515,23519748.7564151
2019-08-03,217.69,224.51,216.62,222.14,181591.95296,40285734.5319214,110659,93873.07584,20826255.2668066
2019-08-04,222.14,223.34,216.9,221.79,135622.0258,29836777.6913328,90502,69386.02134,15271619.6386669
2019-08-05,221.79,236.25,221.79,233.54,307956.27211,70962003.8432999,173092,163211.99796,37595426.3569045
2019-08-06,233.53,239.15,223.03,226.28,341279.08159,78590684.0215889,172932,166236.76616,38300035.9255002
2019-08-07,226.31,231.25,220.95,226.1,279104.7037,63135096.4855769,159413,146171.93629,33073899.2259744
2019-08-08,226.11,228.5,215.51,221.39,236886.35423,52730777.0692849,132568,114109.47371,25416104.6077795
2019-08-09,221.38,221.79,207.3,210.53,232062.12757,49415315.754676,140538,115399.67299,24569637.0194787
2019-08-10,210.52,215.0,202.6,206.48,252614.02389,52534644.5700389,142706,128386.06493,26723409.6908843
2019-08-11,206.48,216.94,206.14,216.42,188474.09048,39875149.5480282,112904,98456.65063,20830756.9336701
2019-08-12,216.41,216.81,209.75,211.41,122760.94619,26091487.959004,85543,64061.87617,13616765.0787879
2019-08-13,211.58,214.3,204.0,209.3,166922.48201,34861802.3965168,102967,77187.83946,16124639.8676043
2019-08-14,209.31,209.9,183.49,187.1,325228.98931,63597043.1885792,171181,152334.65364,29840308.6371874
2019-08-15,187.08,189.95,181.23,188.03,237953.09426,44183760.7061055,119008,110230.51548,20470122.3189154
2019-08-16,187.98,188.39,178.04,184.88,282177.01584,51945182.4708607,150695,140331.02072,25845940.5162068
2019-08-17,184.83,187.0,181.83,185.59,138799.61508,25599796.9046516,101721,71194.91465,13132405.0101805
2019-08-18,185.67,197.91,183.35,194.33,175363.5062,33655229.0922308,102057,92430.25179,17745835.5299511
2019-08-19,194.32,203.59,192.7,202.28,239541.5978,47675347.062822,116606,122389.69465,24373123.0969118
2019-08-20,202.24,202.75,194.45,196.6,189297.75494,37412398.975662,109559,94655.34043,18715872.1720154
2019-08-21,196.55,197.2,179.53,187.45,284973.64194,53434048.9529292,150215,143327.26923,26891929.3785135
2019-08-22,187.45,195.14,182.8,190.35,245575.98772,46426395.0486722,160105,128088.29346,24209793.1584077
2019-08-23,190.36,196.19,188.16,194.02,192548.51552,37022930.5704567,128090,103654.44392,19932276.9172835
2019-08-24,194.02,194.09,185.63,190.6,167806.34294,31786227.8626633,104191,87395.56483,16560915.4171937
2019-08-25,190.6,192.4,182.8,186.54,169862.91522,31935951.290364,103115,85922.30698,16166046.5074682
2019-08-26,186.54,193.7,186.0,188.67,254397.79472,48298621.3154217,130551,130191.14191,24724798.0108531
2019-08-27,188.61,189.49,184.75,187.24,157898.563,29513243.50055,96138,82742.89368,15472438.951821
2019-08-28,187.3,188.25,166.48,173.03,334480.61761,59498959.9665215,146334,157842.22951,28080878.6621957
2019-08-29,173.03,173.5,163.61,169.01,295241.216,49838097.1661885,142645,148944.8435,25147070.1128861
2019-08-30,169.03,170.77,165.55,168.5,238616.68868,40216956.5994906,114316,122176.9996,20594004.0637259
2019-08-31,168.48,174.98,165.63,171.57,194999.19583,32983642.8432588,101425,103927.9217,17578505.1413091
2019-09-01,171.52,173.42,167.61,170.74,191140.52368,32627380.9318131,93036,105365.5583,17994754.9587878
2019-09-02,170.73,181.0,170.02,178.05,294627.31247,51446380.4485707,116596,158324.35888,27630121.2450927
2019-09-03,178.0,183.0,174.09,178.75,327857.85447,58621819.3554533,147758,169339.58256,30289715.3792245
2019-09-04,178.79,180.14,173.0,174.72,286226.25171,50629395.4918831,140298,150944.76267,26708432.4887996
2019-09-05,174.7,176.19,168.1,173.75,232753.83596,40247496.5629039,123424,119903.03976,20744424.5091044
2019-09-06,173.74,177.87,165.0,169.08,315822.37984,54567316.6059573,146974,159799.71519,27630766.570622
2019-09-07,169.11,180.8,168.3,177.62,253831.23169,44282963.3065402,134155,133267.63152,23253160.9813944
2019-09-08,177.58,184.18,176.13,181.19,290083.47501,52424648.7184664,143793,141391.15011,25550952.6497048
2019-09-09,181.18,185.38,176.01,180.54,273729.94868,49340881.2345897,140362,141443.31955,25513939.7660326
2019-09-10,180.52,184.36,177.0,179.81,238387.50999,43067898.9051214,116866,120273.5916,21739616.7388069
2019-09-11,179.87,182.8,173.0,178.28,278555.46708,49657474.9751696,130317,141851.70528,25297845.5038243
2019-09-12,178.3,182.38,176.62,180.72,203543.13663,36419973.2297372,102872,112207.26467,20089959.5402926
2019-09-13,180.71,181.38,177.54,180.95,264422.54059,47382425.1919217,109752,144556.81427,25900901.4487013
2019-09-14,180.96,188.79,179.75,188.13,279371.83423,51424561.3917001,113052,163939.13161,30184362.4581044
2019-09-15,188.14,190.45,185.76,189.03,288928.60827,54373471.3852245,106052,153265.22338,28851541.5617546
2019-09-16,189.05,199.44,188.3,197.22,551006.81686,106449156.0300247,166031,287085.88662,55479062.6795736
2019-09-17,197.23,215.13,195.74,207.84,715863.2262,145945114.8695818,214041,364269.0599,74305060.6653879
2019-09-18,207.85,217.27,207.66,210.21,539028.51013,114703107.2717186,182943,266269.5488,56661498.9135598
2019-09-19,210.27,223.94,202.3,220.24,844358.82155,179595728.8138375,230867,419271.71181,89171155.2111721
2019-09-20,220.26,221.54,212.05,218.03,437804.12669,95069640.6241525,133129,220337.02958,47843315.1373283
2019-09-21,218.01,221.5,213.2,215.05,417891.5242,90638548.2352924,105391,207179.70785,44946677.5338025
2019-09-22,215.04,215.61,206.1,211.2,445388.94787,93662351.5045333,108397,223157.30567,46925558.4318157
2019-09-23,211.2,211.68,198.65,201.29,392437.07084,80922890.4608859,121866,195784.51789,40407536.3329092
2019-09-24,201.25,202.98,150.03,165.81,1478218.82714,263412071.5312026,383778,729145.32328,129975736.5432907
2019-09-25,165.72,174.85,161.88,169.96,879001.46213,147619414.1358966,251456,447020.54762,75075150.3165501
2019-09-26,169.96,171.01,152.11,165.92,779942.17148,127948136.2708905,202020,391258.95488,64200383.8009655
2019-09-27,165.92,176.72,161.03,173.79,634932.96707,106461443.899721,183611,329233.87612,55179324.539611
2019-09-28,173.83,175.49,168.0,173.49,521775.46593,90120971.1669136,159337,270120.29369,46660616.64463
2019-09-29,173.5,174.5,164.12,169.24,410855.12176,69327213.6474489,136438,207251.58216,34973566.9837282
2019-09-30,169.26,181.24,165.01,180.85,580295.3997,100443187.7716862,175354,305126.83015,52861123.0457749
2019-10-01,180.89,185.53,173.19,175.66,609972.52717,109365005.3617921,168529,297585.37703,53364455.2516213
2019-10-02,175.65,181.29,173.65,180.24,348268.1162,61530973.8042317,96660,176207.85499,31146275.9420526
2019-10-03,180.24,180.72,169.55,174.69,354756.78478,62001237.4817829,101114,170712.79827,29848620.5654113
2019-10-04,174.71,178.98,170.74,175.55,333897.63876,58470302.1445434,89655,178481.72947,31249755.4576251
2019-10-05,175.55,176.71,172.02,176.25,278488.61771,48647162.438982,90341,148677.3776,25974848.8935678
2019-10-06,176.23,177.04,167.68,170.1,314932.39629,54241930.1254795,114662,150053.25603,25855508.5685196
2019-10-07,170.08,182.32,168.68,179.85,496523.48038,87617964.5675863,159802,269524.79092,47538485.1585836
2019-10-08,179.88,184.87,177.0,180.6,400832.37828,72432729.9845929,139925,198505.85063,35879440.8814166
2019-10-09,180.61,195.53,178.96,192.62,562506.82189,105551736.4844096,182290,296581.72445,55656345.7032833
2019-10-10,192.61,194.2,186.88,191.14,436588.58452,83367952.3933486,150166,226305.55384,43218136.0930318
2019-10-11,191.18,196.65,179.41,180.72,621693.63125,115872479.7661273,181427,300995.2989,56109324.6919131
2019-10-12,180.65,184.64,177.59,179.68,290415.22038,52895345.3826257,118775,147805.76792,26936589.7404453
2019-10-13,179.65,184.95,178.52,180.99,247589.23231,45067340.4221513,113448,124690.60376,22703924.6468929
2019-10-14,180.98,187.54,180.43,186.72,279732.84612,51494870.2773636,123915,145915.38133,26856962.9179609
2019-10-15,186.7,188.37,175.96,180.49,405466.38109,73998014.4472151,155734,200056.7357,36519397.8315739
2019-10-16,180.52,181.44,171.81,174.47,347764.93459,61180262.7759032,151051,174413.51344,30692249.7207744
2019-10-17,174.52,178.96,172.61,177.16,298795.8198,52578052.9440327,133295,157556.94002,27723058.4212719
2019-10-18,177.17,177.44,168.66,172.74,319602.48508,55285684.61343,139612,152605.77187,26410422.9471261
2019-10-19,172.78,174.98,169.44,171.79,296918.73026,51269466.0425387,127763,153698.71472,26548317.2330443
2019-10-20,171.84,176.88,169.21,175.22,299141.07152,51654250.0652548,125469,161874.58359,27947258.5306227
2019-10-21,175.18,177.9,171.59,173.98,270608.51385,47204344.2406268,128045,140196.68285,24473074.1874633
2019-10-22,174.0,175.04,170.3,171.2,255429.41624,44176123.2085981,123180,125146.21334,21648645.7813629
2019-10-23,171.19,171.49,153.45,162.35,746955.09806,121126428.2285973,238790,349055.6466,56615958.4102614
2019-10-24,162.35,163.72,158.72,160.38,387310.83766,62419095.1068171,159778,201844.94482,32531887.3359917
2019-10-25,160.39,187.78,160.25,181.5,904832.86059,157496890.7226022,267143,477807.72341,83125683.1184057
2019-10-26,181.53,197.74,173.8,179.49,1211737.43684,222906937.7909978,373782,616841.96023,113546883.0988435
2019-10-27,179.42,188.7,176.22,183.75,724423.40525,132329593.3936198,262415,385013.11426,70337311.6617526
2019-10-28,183.84,189.48,180.35,181.72,582179.44545,106933716.670613,225343,295482.30631,54279347.8798403
2019-10-29,181.67,192.74,181.26,190.46,529964.5054,99024969.8434844,212841,269645.51621,50376777.2762609
2019-10-30,190.45,191.71,179.28,183.13,537770.43056,99508269.890319,194946,264989.49925,48993402.7332499
2019-10-31,183.14,185.27,177.66,182.18,410969.86104,74696032.7315675,167038,210699.39971,38302299.7730547
2019-11-01,182.19,184.5,177.02,182.85,331519.76963,60092727.1391759,154534,176366.39217,31984647.8842037
2019-11-02,182.86,186.0,181.53,182.91,179864.39739,32936676.7082053,107048,89462.03413,16385817.1028025
2019-11-03,182.9,184.7,178.95,181.54,232621.52147,42260620.3770286,109861,117372.86999,21322878.2906018
2019-11-04,181.53,188.64,180.36,185.71,321175.29134,59357371.3141338,147624,174839.08251,32310789.0023629
2019-11-05,185.71,192.51,182.22,188.68,389668.6472,73036074.7809727,184562,200247.68513,37563350.6707834
2019-11-06,188.65,195.09,187.72,191.16,343219.9224,65471595.2070074,160110,173260.42539,33061667.0658034
2019-11-07,191.16,192.27,184.59,186.68,309882.08206,58150631.2768295,152881,155433.46587,29169549.299448
2019-11-08,186.67,188.26,181.41,183.74,365029.75027,67305417.4050575,167904,175732.31788,32419070.5580489
2019-11-09,183.71,185.79,182.63,184.89,192073.38044,35441967.7656995,112521,97836.42113,18053843.3756073
2019-11-10,184.86,191.58,183.3,188.96,274940.53448,51648623.2863399,133008,139412.49207,26196034.4376513
2019-11-11,188.96,190.19,184.06,184.98,255579.93429,47746876.4565624,128079,125060.86932,23366849.5046364
2019-11-12,184.98,187.65,182.41,187.09,256782.63119,47636043.3528847,124488,130189.09727,24161522.4252667
2019-11-13,187.09,189.66,185.3,188.11,197273.84001,36936429.9359435,89631,101255.98817,18965818.2535188
2019-11-14,188.07,188.72,183.34,184.92,245505.29971,45523714.0985551,114266,117241.99539,21743851.2765566
2019-11-15,184.93,186.7,177.67,180.0,407466.78964,74217250.1727187,156868,196587.25275,35827558.0803339
2019-11-16,179.99,183.46,179.3,182.37,172801.52576,31378510.0153897,89596,86531.48564,15713912.2309038
2019-11-17,182.37,186.09,180.0,183.82,198892.4372,36509968.6991013,93753,99564.29673,18284470.261242
2019-11-18,183.82,184.06,175.01,178.2,293551.23632,52985734.2807839,131823,134230.72271,24254035.0782702
2019-11-19,178.2,178.52,172.65,175.94,275886.6411,48414106.9569336,125824,138098.32741,24234932.9983965
2019-11-20,175.93,177.41,173.5,174.72,216315.93309,38001672.1930986,106534,105958.65927,18616351.3319533
2019-11-21,174.75,175.85,157.26,161.01,473895.92992,78641896.2303806,178521,234632.37028,38906646.5015915
2019-11-22,161.02,162.79,138.0,149.56,977977.23794,147595324.5643929,324167,460516.29463,69562234.114763
2019-11-23,149.55,154.33,146.11,151.84,369721.0996,55595157.5640424,177816,188200.09056,28306514.6769532
2019-11-24,151.84,152.86,138.62,139.96,352319.21558,51503705.1777392,158774,169721.62425,24806572.1068147
2019-11-25,139.99,151.5,131.45,145.69,749675.41303,106186791.3371651,238649,369097.78378,52341190.6192298
2019-11-26,145.81,149.97,143.37,147.47,354023.04298,51873405.0392909,132207,172671.00371,25305494.2180026
2019-11-27,147.47,155.54,140.84,152.62,564796.4284,83505998.0548896,192325,290667.89068,43041430.8830502
2019-11-28,152.61,154.63,149.09,150.72,317714.56326,48324220.6205619,124573,158837.00332,24159931.8093863
2019-11-29,150.69,157.6,150.23,154.57,328712.25558,50649319.1209473,129774,171812.20099,26479251.4842168
2019-11-30,154.54,155.25,149.7,151.37,226863.41299,34617912.1786886,96632,115076.90179,17567465.0749285
2019-12-01,151.43,152.49,145.79,150.73,344178.14088,51148792.0829982,125550,172849.45417,25693814.9444398
2019-12-02,150.72,151.42,146.71,148.65,233839.0973,34768563.4718647,107070,114158.87515,16974888.5377017
2019-12-03,148.66,149.93,145.77,147.17,196329.22503,29061161.1017757,87660,100293.6245,14844721.3242409
2019-12-04,147.19,151.98,143.15,145.38,434490.46521,63849308.2935722,149685,211432.92469,31093837.7156728
2019-12-05,145.45,149.02,143.64,148.1,299073.53972,43777241.5908236,111694,159810.68936,23382484.6769174
2019-12-06,148.11,149.77,145.74,148.45,220674.68581,32549526.3995979,90076,118938.06254,17547902.3223548
2019-12-07,148.46,149.49,146.85,147.14,140471.68588,20799551.3456956,70677,73739.81386,10919841.5777131
2019-12-08,147.16,151.62,146.11,150.44,205301.6026,30606289.2853915,79766,113946.96048,16985317.5275958
2019-12-09,150.44,151.19,146.56,147.38,243775.99249,36345702.3480885,92204,113225.94088,16892414.5210266
2019-12-10,147.4,148.57,143.81,145.56,203215.84937,29746845.4324287,85725,96914.54456,14189982.0538624
2019-12-11,145.53,146.34,142.12,143.39,157843.10484,22772651.1681289,69834,82484.40373,11897456.5880118
2019-12-12,143.41,145.85,139.24,144.87,261615.30437,37425277.0381235,99231,127845.69433,18297930.2101783
2019-12-13,144.87,146.0,142.8,144.8,160695.18556,23203419.9616187,90805,82252.75063,11879184.4104583
2019-12-14,144.8,145.07,141.18,141.79,126232.59201,18027581.3595459,76951,59729.52052,8537450.1078795
2019-12-15,141.79,144.12,139.92,142.46,151189.65877,21495196.818885,77131,73238.69048,10413387.0646038
2019-12-16,142.46,142.72,127.93,132.73,471018.85942,63632055.5849407,153717,215716.73176,29112565.6952039
2019-12-17,132.72,132.98,119.11,121.88,563257.36001,71709329.2689193,178977,272414.29784,34693963.8819766
2019-12-18,121.88,134.87,116.26,132.78,884960.91334,110566290.5693325,252627,469544.6644,58667753.4696598
2019-12-19,132.8,134.0,125.69,128.1,420674.8172,53766864.1851899,154222,204489.68391,26131287.0404213
2019-12-20,128.1,129.39,125.84,128.19,213897.4673,27266605.4848642,90922,109755.28767,13990539.6839859
2019-12-21,128.19,128.4,126.5,126.99,135196.11641,17199278.7946842,64847,64958.5023,8263790.3282736
2019-12-22,127.0,133.07,126.82,132.09,253140.72413,32938501.021757,91028,130908.05583,17045189.4024396
2019-12-23,132.12,135.1,126.0,127.8,421600.75655,55501305.920123,145867,194731.2118,25638865.7856889
2019-12-24,127.8,129.69,126.61,127.75,200637.10098,25667665.1420103,87657,100608.48356,12872420.0888793
2019-12-25,127.7,127.84,123.07,125.09,225004.4909,28144469.160729,93397,98563.1461,12331982.1951846
2019-12-26,125.09,132.26,124.32,125.58,274986.52097,34943780.9092039,103034,128410.01213,16332907.9297444
2019-12-27,125.58,127.1,121.91,126.29,240012.37451,30020098.8891311,102142,115839.00216,14500702.3486646
2019-12-28,126.28,129.68,125.84,128.11,196893.52277,25177121.1470641,82441,95994.94508,12279856.6972605
2019-12-29,128.11,138.07,127.52,134.36,316347.26666,41893078.3622121,115498,154769.9807,20495780.1812765
2019-12-30,134.36,136.24,130.3,131.59,320347.21956,42636559.3824152,101293,153829.18058,20482964.2651629
2019-12-31,131.61,133.68,128.17,129.16,264933.98418,34678632.1795937,95085,131010.02709,17146486.4936881
